﻿<?xml version="1.0" encoding="utf-8"?>
<Project ToolsVersion="4.0" xmlns="http://schemas.microsoft.com/developer/msbuild/2003">
  <PropertyGroup>
    <IncludeCompositeObjects>True</IncludeCompositeObjects>
    <TargetDatabaseName>Sixeyed.Disposable.Database</TargetDatabaseName>
    <DeployScriptFileName>Sixeyed.Disposable.Database.sql</DeployScriptFileName>
    <TargetConnectionString>Data Source=.;Integrated Security=True;Pooling=False</TargetConnectionString>
    <ScriptDatabaseOptions>True</ScriptDatabaseOptions>
    <BlockOnPossibleDataLoss>True</BlockOnPossibleDataLoss>
    <CreateNewDatabase>True</CreateNewDatabase>
    <ProfileVersionNumber>1</ProfileVersionNumber>
  </PropertyGroup>
</Project>